,worker_id,first_name,middle_name,sur_name,phone_number,home_address,role,skills,certificates,availability
0,KOO0MP1I,Georgios,Evangelos,Nikolopoulos,4379940815,"1871 O'Connor Drive, Toronto",Cleaner,Cleaning,"WHMIS,Scissors Lift,Forklift,Working at Heights,4 Steps",7:00-15:30
1,ORRFXDUB,Ioannis,Konstantinos,Vasilakis,4373715364,"4557 Hurontario Street, Mississauga",Painter,Cleaning,"WHMIS,Boomlift,Forklift,Working at Heights,Scissors Lift",7:00-15:30
2,TGKJTPX9,Antonio,Hermnando,Pérez,4375778855,"2255B Queen Street East, Toronto",Cleaner,"Cleaning,Painter,Labour","4 Steps,Boomlift,Scissors Lift,Working at Heights",7:00-15:30
3,VKBOB7Z4,Antonio,Alejandro,Hernández,4375284894,"2255B Queen Street East, Toronto",Labour,"Labour,Painter,Cleaning","4 Steps,WHMIS,Working at Heights,Scissors Lift,Forklift",7:00-15:30
4,P37NH11K,Lucía,Ivanna,Pérez,4379591314,"350 Burnhamthorpe Road West #401, Mississauga",Labour,"Cleaning,Labour","WHMIS,Forklift,Scissors Lift,Boomlift,Working at Heights,4 Steps",7:00-15:30
5,PKM5M17G,María,Lucía,Christopoulos,4376304859,"50 Ashtonbee Road Unit 2, Scarborough",Painter,"Painter,Labour,Cleaning","Forklift,WHMIS,Working at Heights",7:00-15:30
6,L770NM18,Alex,Spyros,Christopoulos,4375836556,"111 Bermondsey Road, North York",Painter,Painter,"WHMIS,Scissors Lift,Working at Heights",7:00-15:30
7,YB4KNG8A,Gabriela,Carmen,Georgiadis,4377279649,"2255B Queen Street East, Toronto",Painter,"Cleaning,Painter","Boomlift,Working at Heights,WHMIS,4 Steps",7:00-15:30
8,GAJHA3MR,Panagiotis,Theodoros,Georgiadis,4379385695,"1055 Bloor Street, Mississauga",Painter,"Labour,Cleaning","Working at Heights,WHMIS,Scissors Lift",7:00-15:30
9,EMP4254,Carlos ,Mauricio,,4373315311.0,"1033 Deta Rd, Mississauga, ON",Labour,Labour,"WHMIS,4 Steps,Forklift,Working at Heights",7:00-15:30
10,BMPBM11R,Georgios,Evangelos,Christopoulos,4374689681,"972 Danforth Avenue, Toronto",Painter,"Cleaning,Labour,Painter","Working at Heights,Scissors Lift,4 Steps,WHMIS,Boomlift",7:00-15:30
11,WMKYU31U,Isabella,Ivanna,Pérez,4377452913,Mississauga,Cleaner,Painter,"Working at Heights,Forklift,Boomlift",7:00-15:30
12,CW8KXNVQ,Lucía,Adina,Pérez,4378640903,"35 Square One Drive, Mississauga",Labour,"Painter,Cleaning,Labour","WHMIS,Scissors Lift,Boomlift,Forklift",7:00-15:30
13,PXI9GCN6,María,Julia,Gómez,4375668347,"3670 Hurontario Street, Mississauga",Labour,Painter,"4 Steps,WHMIS,Scissors Lift,Boomlift",7:00-15:30
14,BU1Z7IXP,Carmen,Patricia,Hernández,4377872083,"972 Danforth Avenue, Toronto",Painter,"Painter,Cleaning","Boomlift,Forklift,WHMIS,Working at Heights,4 Steps",7:00-15:30
15,H3XBY62O,Antonio,Miguel,López,4377084863,"4635 Tomken Road, Mississauga",Painter,Labour,"Working at Heights,4 Steps,Forklift,Scissors Lift",7:00-15:30
16,H2WRP5MI,Carmen,Andrea,Hernández,4374621831,"25 John Street, Mississauga",Painter,"Labour,Painter,Cleaning","Forklift,WHMIS,4 Steps",7:00-15:30
17,FMDH76BU,Gabriela,Lucia,Pérez,4374683097,"2325 Hurontario Street, Mississauga",Cleaner,"Labour,Cleaning,Painter","Boomlift,4 Steps,Forklift,Scissors Lift,WHMIS,Working at Heights",7:00-15:30
18,HFUJBHS3,Alex,Vasileios,Nikolopoulos,4379084370,"1 Robert Speck Parkway, Mississauga",Painter,"Painter,Cleaning","Working at Heights,Boomlift,4 Steps",7:00-15:30
19,6995W2XK,Panagiotis,Leonidas,Georgiadis,4377824808,"3276 Saint Clair Avenue East, Scarborough",Labour,Cleaning,"Scissors Lift,Forklift,WHMIS",7:00-15:30
20,BC03FHD9,Antonio,Jose,Vázquez,4379688961,"830 Warden Avenue, Scarborough",Labour,"Painter,Cleaning","WHMIS,Boomlift,Forklift",7:00-15:30
21,IQK65FC2,Gabriela,Elena,Georgiadis,4376014445,"2488 Gerrard Street East, Scarborough",Labour,"Cleaning,Painter","Scissors Lift,Working at Heights,Forklift",22:00-06:00
22,QW0HWOIA,Georgios,Theodoros,Georgiadis,4373673513,"2325 Hurontario Street, Mississauga",Cleaner,Cleaning,"WHMIS,Scissors Lift,Forklift,Boomlift,4 Steps,Working at Heights",7:00-15:30
23,87U69IQ6,Pedro,Miguel,Martínez,4379982477,"2681 Danforth Avenue, Toronto",Labour,"Labour,Painter,Cleaning","4 Steps,Scissors Lift",7:00-15:30
24,55QEN9JE,Alex,Evangelos,Papadopoulos,4377499083,"2488 Gerrard Street East, Scarborough",Painter,Cleaning,"Boomlift,Forklift,Working at Heights,4 Steps,Scissors Lift,WHMIS",7:00-15:30
25,BZXJ0QL1,Dimitrios,Evangelos,Christopoulos,4374751907,"25 John Street, Mississauga",Cleaner,"Cleaning,Painter","Scissors Lift,WHMIS,Working at Heights,4 Steps,Boomlift",7:00-15:30
26,56MIECOR,Alejandro,Jose,Hernández,4376847138,"1055 Bloor Street, Mississauga",Painter,Cleaning,"Forklift,WHMIS,Working at Heights,4 Steps,Boomlift,Scissors Lift",7:00-15:30
27,KLIPAJZZ,Patricia,Elizabeth,González,4379997063,"100 City Centre Drive, Mississauga",Labour,"Labour,Cleaning,Painter","WHMIS,4 Steps",7:00-15:30
28,XPW2466O,Dimitrios,Spyros,Nikolopoulos,4379612029,"309 Rathburn Road West, Mississauga",Labour,"Cleaning,Painter","Working at Heights,Boomlift,4 Steps",7:00-15:30
29,I9QH498O,Panagiotis,Theodoros,Georgiadis,4377403338,"309 Rathburn Road West, Mississauga",Cleaner,"Cleaning,Labour,Painter","WHMIS,4 Steps",7:00-15:30
30,MUI9BBCW,Christos,Leonidas,Georgiadis,4374139411,"350 Burnhamthorpe Road West #401, Mississauga",Cleaner,Cleaning,"Forklift,Scissors Lift,Boomlift,4 Steps,WHMIS",7:00-15:30
31,93IEIJC9,Carlos,Alejandro,Vázquez,4374234894,"111 Bermondsey Road, North York",Painter,Labour,"4 Steps,WHMIS,Scissors Lift,Boomlift,Working at Heights",7:00-15:30
32,DE86LQ7Q,Carmen,Carmen,Papadopoulos,4373325343,"50 Ashtonbee Road Unit 2, Scarborough",Labour,Cleaning,"Scissors Lift,WHMIS,4 Steps,Working at Heights,Boomlift","7:00-15:30,22:00-06:00"
33,FIO339JH,Andreas,Spyros,Katsaros,4379135012,"50 Britannia Road East, Mississauga",Labour,"Painter,Labour,Cleaning","Forklift,Scissors Lift",7:00-15:30
34,FJYWYRSQ,Panagiotis,Spyros,Georgiadis,4376585037,"100 Traders Boulevard East, Mississauga",Cleaner,Cleaning,"Working at Heights,Boomlift,Scissors Lift,Forklift,WHMIS,4 Steps",7:00-15:30
35,FTO9FBP9,Dimitrios,Theodoros,Georgiadis,4374728062,"325 Burnhamthorpe Road West, Mississauga",Painter,"Cleaning,Painter","Scissors Lift,WHMIS,Boomlift,4 Steps,Forklift,Working at Heights",7:00-15:30
36,6L932C5B,Alex,Spyros,Nikolopoulos,4379952417,"325 Burnhamthorpe Road West, Mississauga",Labour,"Painter,Labour,Cleaning","Boomlift,WHMIS,4 Steps",7:00-15:30
37,0RS6I4A2,Dimitrios,Vasileios,Katsaros,4377840854,"100 City Centre Drive, Mississauga",Labour,Painter,"Forklift,Boomlift","7:00-15:30,22:00-06:00"
38,7X8XJOW7,Alex,Konstantinos,Vasilakis,4375751849,"1055 Bloor Street, Mississauga",Cleaner,"Labour,Cleaning","Scissors Lift,WHMIS,Forklift,Working at Heights,4 Steps,Boomlift",7:00-15:30
39,MDBH0FAI,Patricia,Adina,Gómez,4376808735,"100 City Centre Drive, Mississauga",Cleaner,"Painter,Labour,Cleaning","WHMIS,Working at Heights,Scissors Lift",7:00-15:30
40,G5DWV6M3,Dimitrios,Theodoros,Christopoulos,4373616042,"830 Warden Avenue, Scarborough",Cleaner,"Cleaning,Labour,Painter","4 Steps,Scissors Lift,Forklift,WHMIS,Working at Heights,Boomlift",22:00-06:00
41,DMTPZ9NP,Alex,Spyros,Georgiadis,4376931972,"50 Britannia Road East, Mississauga",Painter,Labour,"Boomlift,Working at Heights,Scissors Lift",7:00-15:30
42,5CR6MTZD,Ioannis,Spyros,Papadopoulos,4377644594,"830 Warden Avenue, Scarborough",Cleaner,"Cleaning,Painter","Scissors Lift,WHMIS,Boomlift,Working at Heights,Forklift",7:00-15:30
43,GUAG2C6K,Isabella,Elizabeth,Pérez,4378035867,"350 Burnhamthorpe Road West #401, Mississauga",Painter,"Cleaning,Painter,Labour","4 Steps,Working at Heights",7:00-15:30
44,3D4EHDAJ,Elena,Julia,Rodríguez,4377894834,"30 Eglinton Avenue West Ste 14, Mississauga",Painter,Painter,"Boomlift,4 Steps,WHMIS,Forklift,Working at Heights",7:00-15:30
45,IFAFF7F1,Manuel,Alejandro,López,4379713909,"50 Ashtonbee Road Unit 2, Scarborough",Cleaner,Painter,"Forklift,Scissors Lift,Working at Heights,WHMIS,Boomlift",7:00-15:30
46,QZ2Z2UT8,Dimitrios,Evangelos,Vasilakis,4379846610,"309 Rathburn Road West, Mississauga",Cleaner,"Cleaning,Labour,Painter","WHMIS,Working at Heights,Boomlift,Scissors Lift",7:00-15:30
47,XKOAD6ZV,Christos,Spyros,Christopoulos,4377113438,"1 Robert Speck Parkway, Mississauga",Cleaner,Cleaning,"Forklift,Boomlift,WHMIS,Scissors Lift,Working at Heights,4 Steps",7:00-15:30
48,7S06V0DD,Andreas,Evangelos,Christopoulos,4374772741,"3670 Hurontario Street, Mississauga",Painter,Cleaning,"Scissors Lift,Working at Heights,WHMIS,Boomlift,4 Steps,Forklift",7:00-15:30
49,AKKC8701,Andreas,Evangelos,Nikolopoulos,4379927461,Mississauga,Labour,Labour,"Forklift,Working at Heights,Boomlift,Scissors Lift",7:00-15:30
50,JXFHK8HU,Panagiotis,Theodoros,Georgiadis,4375185942,"1 Robert Speck Parkway, Mississauga",Labour,"Cleaning,Painter,Labour","Boomlift,4 Steps",7:00-15:30
51,48R75NGP,Alex,Theodoros,Papadopoulos,4379452170,"3670 Hurontario Street, Mississauga",Cleaner,Painter,"WHMIS,Forklift,Working at Heights,4 Steps",7:00-15:30
52,8TAPBMZP,Alejandro,Miguel,Vázquez,4379538905,"30 Eglinton Avenue West Ste 14, Mississauga",Painter,Painter,"Forklift,Working at Heights,WHMIS,Scissors Lift","7:00-15:30,22:00-06:00"
53,1OJ1GHG6,Gabriela,Lucia,Rodríguez,4378335920,"100 Britannia Road East, Mississauga",Painter,"Painter,Cleaning,Labour","Working at Heights,WHMIS,4 Steps,Boomlift,Scissors Lift",7:00-15:30
54,WIA60XVB,Andreas,Theodoros,Vasilakis,4375734618,"1871 O'Connor Drive, Toronto",Cleaner,"Painter,Cleaning,Labour","Forklift,Scissors Lift,Boomlift,4 Steps,Working at Heights",7:00-15:30
55,JG84PCN2,Ioannis,Evangelos,Christopoulos,4377788529,"7 Curity Avenue, Toronto",Cleaner,"Painter,Labour","Forklift,Boomlift",7:00-15:30
56,GJI85UD8,Panagiotis,Vasileios,Katsaros,4379659568,"50 Ashtonbee Road Unit 2, Scarborough",Labour,"Painter,Labour","Boomlift,WHMIS,Working at Heights",7:00-15:30
57,Y1A5E4QO,Carmen,Ivanna,Martínez,4377370671,"2488 Gerrard Street East, Scarborough",Cleaner,Painter,"Boomlift,Working at Heights",22:00-06:00
58,RBGOA167,Manuel,Estiven,Martínez,4378108123,"4635 Tomken Road, Mississauga",Cleaner,Cleaning,"Scissors Lift,WHMIS,Forklift,Working at Heights,Boomlift",7:00-15:30
59,JRQU2Y58,Isabella,Patricia,López,4376166385,"2488 Gerrard Street East, Scarborough",Labour,"Painter,Labour","WHMIS,Working at Heights,Scissors Lift,Forklift,4 Steps",22:00-06:00
60,DJG0N4PT,Dimitrios,Vasileios,Christopoulos,4377441651,"7 Curity Avenue, Toronto",Labour,"Painter,Labour,Cleaning","Working at Heights,Boomlift",7:00-15:30
61,7ZC4R4BS,Sofia,Carolina,González,4376222652,"100 City Centre Drive, Mississauga",Painter,"Cleaning,Painter,Labour","Forklift,4 Steps",7:00-15:30
62,58Y38UMU,Ioannis,Leonidas,Papadopoulos,4378330870,"175 Wynford Drive, North York",Cleaner,"Painter,Labour","Scissors Lift,WHMIS,4 Steps,Forklift,Working at Heights",7:00-15:30
63,QL8G8Z8H,Andreas,Theodoros,Christopoulos,4374123196,"175 Wynford Drive, North York",Labour,"Labour,Painter","4 Steps,Scissors Lift",7:00-15:30
64,9GWAFPK5,Panagiotis,Theodoros,Christopoulos,4379299582,"2488 Gerrard Street East, Scarborough",Painter,"Labour,Cleaning","Boomlift,Forklift,Working at Heights,WHMIS,Scissors Lift,4 Steps","7:00-15:30,22:00-06:00"
65,AQ2HLOTW,Pedro,Mauricio,Martínez,4378200642,"30 Eglinton Avenue West Ste 14, Mississauga",Painter,"Labour,Cleaning,Painter","Scissors Lift,Boomlift,Working at Heights",7:00-15:30
66,9KXLEGO6,Carlos,Felipe,Rodríguez,4378452512,"25 John Street, Mississauga",Painter,Cleaning,"Working at Heights,Boomlift",7:00-15:30
67,D40SS5EM,Panagiotis,Evangelos,Katsaros,4376646177,"4557 Hurontario Street, Mississauga",Labour,"Painter,Cleaning,Labour","Boomlift,Scissors Lift,WHMIS",7:00-15:30
68,P5UBKONJ,Pedro,Mauricio,Vázquez,4374503345,"11 Curity Avenue Unit 3, Toronto",Painter,"Labour,Cleaning,Painter","Scissors Lift,WHMIS",7:00-15:30
69,020RPSYP,Lucía,Adina,Hernández,4378135744,"1525 Victoria Park Avenue, Toronto",Labour,"Cleaning,Labour,Painter","Boomlift,4 Steps",7:00-15:30
70,ADGCJU7Z,José,Miguel,Martínez,4377582399,"100 Britannia Road East, Mississauga",Painter,Labour,"Working at Heights,Boomlift,WHMIS,4 Steps,Scissors Lift",7:00-15:30
71,3CBLL2BD,Georgios,Vasileios,Papadopoulos,4378236910,"1055 Bloor Street, Mississauga",Labour,"Painter,Labour","Working at Heights,Forklift",7:00-15:30
72,199YS5Q7,Carlos,Andres,López,4378442195,"1 Robert Speck Parkway, Mississauga",Painter,"Painter,Labour,Cleaning","Working at Heights,WHMIS,Forklift,Scissors Lift",7:00-15:30
73,0P1K8W41,Christos,Konstantinos,Vasilakis,4373446538,"100 City Centre Drive, Mississauga",Cleaner,"Painter,Labour,Cleaning","Forklift,4 Steps,WHMIS,Scissors Lift,Boomlift",22:00-06:00
74,BXSTTCBZ,José,Andres,López,4379482264,"100 City Centre Drive, Mississauga",Labour,"Labour,Cleaning,Painter","4 Steps,Forklift,WHMIS","7:00-15:30,22:00-06:00"
75,I3L89ZGO,Dimitrios,Konstantinos,Katsaros,4375731793,Mississauga,Labour,"Cleaning,Labour","Boomlift,WHMIS,4 Steps,Scissors Lift,Working at Heights,Forklift",7:00-15:30
76,PW81RWPC,Elena,Carolina,Vázquez,4377441740,"1525 Victoria Park Avenue, Toronto",Labour,Labour,"4 Steps,Scissors Lift",22:00-06:00
77,9DQ0QQ1V,Manuel,Carlos,Katsaros,4377703433,"1871 O'Connor Drive, Toronto",Painter,Painter,"Boomlift,Working at Heights,Scissors Lift",7:00-15:30
78,M4AJ3Y6L,Andreas,Spyros,Georgiadis,4375958647,"1055 Bloor Street, Mississauga",Cleaner,Painter,"Boomlift,Working at Heights",7:00-15:30
79,OLILCL6P,Ioannis,Leonidas,Vasilakis,4375423171,Mississauga,Painter,Labour,"Working at Heights,WHMIS",7:00-15:30
80,8XEF1SND,Gabriela,Carmen,Vasilakis,4378424395,"111 Bermondsey Road, North York",Labour,"Painter,Cleaning","Forklift,4 Steps,Boomlift,Working at Heights,WHMIS",7:00-15:30
81,YMPMYVFX,Alejandro,Estiven,Gómez,4377997488,"2300 Danforth Avenue, Toronto",Cleaner,"Painter,Cleaning","WHMIS,Boomlift,Working at Heights,Scissors Lift",7:00-15:30
82,WNEOF7TH,Dimitrios,Spyros,Nikolopoulos,4376008071,"350 Burnhamthorpe Road West, Mississauga",Cleaner,Labour,"Boomlift,WHMIS,4 Steps,Working at Heights",7:00-15:30
83,NV15X1V0,Alex,Spyros,Katsaros,4376613799,Mississauga,Labour,Cleaning,"Working at Heights,Scissors Lift,WHMIS,Boomlift,Forklift,4 Steps",7:00-15:30
84,3Q3BFVK3,Christos,Evangelos,Vasilakis,4376360472,"100 City Centre Drive, Mississauga",Painter,"Painter,Labour,Cleaning","Working at Heights,WHMIS,Scissors Lift,Boomlift,4 Steps",22:00-06:00
85,6PDGODAJ,Manuel,Miguel,López,4373697562,Mississauga,Cleaner,"Cleaning,Painter,Labour","Working at Heights,WHMIS,Boomlift",7:00-15:30
86,7ONMC9YW,Ioannis,Evangelos,Katsaros,4379400880,"4557 Hurontario Street, Mississauga",Cleaner,Painter,"Forklift,Boomlift","7:00-15:30,22:00-06:00"
87,SU7KA0QX,Ioannis,Vasileios,Nikolopoulos,4376945257,"100 Traders Boulevard East, Mississauga",Cleaner,"Cleaning,Painter,Labour","Working at Heights,Boomlift,Scissors Lift,Forklift,WHMIS",7:00-15:30
88,FF87H7AW,Christos,Vasileios,Katsaros,4378470082,North York,Painter,"Labour,Cleaning,Painter","4 Steps,Forklift,Working at Heights,Boomlift,Scissors Lift","7:00-15:30,22:00-06:00"
89,V8RQICEH,Alejandro,Antonio,González,4378344441,"2488 Gerrard Street East, Scarborough",Painter,"Cleaning,Labour,Painter","WHMIS,Forklift,4 Steps","7:00-15:30,22:00-06:00"
90,X2S3LM19,Andreas,Leonidas,Nikolopoulos,4377998266,Toronto,Painter,"Painter,Labour,Cleaning","Working at Heights,4 Steps,Forklift,Scissors Lift,WHMIS,Boomlift",7:00-15:30
91,NGN7A98O,Alex,Evangelos,Georgiadis,4377014406,Toronto,Labour,"Painter,Cleaning,Labour","Scissors Lift,WHMIS,Forklift,Working at Heights,4 Steps",7:00-15:30
92,28LZRNBY,Panagiotis,Theodoros,Georgiadis,4379883254,"2325 Hurontario Street, Mississauga",Painter,"Cleaning,Labour,Painter","Working at Heights,4 Steps,Scissors Lift,Boomlift",7:00-15:30
93,31P0L68L,Ana,Carolina,Gómez,4374370391,"350 Burnhamthorpe Road West #401, Mississauga",Labour,"Labour,Painter,Cleaning","WHMIS,Working at Heights,Scissors Lift,Forklift,4 Steps,Boomlift",7:00-15:30
94,WL8YIEKY,Patricia,Andrea,Pérez,4373684378,"1871 O'Connor Drive, Toronto",Painter,Cleaning,"Forklift,Working at Heights,Scissors Lift",7:00-15:30
95,GV969ZD2,Dimitrios,Vasileios,Georgiadis,4374436145,"2325 Hurontario Street, Mississauga",Painter,"Painter,Labour,Cleaning","4 Steps,WHMIS,Boomlift,Forklift",7:00-15:30
96,EJF830WX,José,Miguel,Gómez,4379506580,"100 City Centre Drive, Mississauga",Cleaner,"Cleaning,Painter","Scissors Lift,WHMIS",22:00-06:00
97,7RSX2ZUU,Andreas,Vasileios,Katsaros,4378978631,"100 City Centre Drive, Mississauga",Painter,"Labour,Cleaning,Painter","WHMIS,Scissors Lift",7:00-15:30
98,TORN5GUE,Andreas,Spyros,Christopoulos,4379750317,"1525 Victoria Park Avenue, Toronto",Cleaner,Labour,"Scissors Lift,Forklift","7:00-15:30,22:00-06:00"
99,XFP4NFM7,Georgios,Konstantinos,Nikolopoulos,4374453652,"1 Robert Speck Parkway, Mississauga",Labour,"Cleaning,Labour","Working at Heights,WHMIS,Boomlift,Scissors Lift",7:00-15:30
100,PHJUJULZ,Alejandro,Alejandro,González,4379495649,"3276 Saint Clair Avenue East, Scarborough",Cleaner,Cleaning,"Forklift,Working at Heights,4 Steps,WHMIS,Scissors Lift",7:00-15:30
101,LVS3O5ZF,Andreas,Evangelos,Georgiadis,4375076797,"30 Eglinton Avenue West Ste 14, Mississauga",Cleaner,"Painter,Cleaning","4 Steps,Boomlift,Scissors Lift,WHMIS,Working at Heights","7:00-15:30,22:00-06:00"
